text,label
Quality Gets Swept Away Quality Distribution is hammered after reporting a large loss for the second quarter.,0
@user Im sure it will replay on NFL network tomorrow too.,1
Rick stein has set up his camp in spain - according to saturday kitchen. State the obvious why dont you :-),1
"@user @user @user miss 11yo loves 13th street, BBC crime, etc, news hasn't had an impact yet - she still listens to me",1
"Will Russia, the Oil Superpower, Flex Its Muscles? Russia is again emerging as a superpower - but the reason has less to do with nuclear weapons than with oil.",0
Mauritian textile firm cuts jobs One of the oldest textile operators on the Indian Ocean island of Mauritius last week shut seven factories and cut 900 jobs.,0
#BreakingNews American football star and broadcaster Frank Gifford dies at 84: 10 August 2015 From the section...,1
Randy Orton may be leaving WWE if he doesn't get a part-time deal with them! #WWE,1
Coming to The Rescue Got a unique problem? Not to worry: you can find a financial planner for every specialized need,0
"Russian Cargo Craft Docks at Space Station (AP) AP - A Russian cargo ship docked with the international space station Saturday, bringing food, water, fuel and other items to the two-man Russian-American crew, a space official said.",0
Thursday night at Spices Negril it's Football Thursday.  Food and Drink Specials all night.    Tom Brady is Back vs Ben Rothlesburger in...,1
"Armadillo Aerospaces X Prize Prototype Crashes (SPACE.com) SPACE.com - Armadillo Aerospace of Mesquite, Texas has reported a \crash last weekend of their prototype X Prize rocket.",0
"""I'm going to Paramore at Rock Im Park in Nuremburg, Germany - Jun 8",1
Scientists Seek Better Way to Measure Rain (AP) AP - Meteorologists at North Carolina State University are working on a way to more accurately measure rainfall in small areas.,0
"Feds Accused of Exaggerating Fire Impact (AP) AP - The Forest Service exaggerated the effect of wildfires on California spotted owls in justifying a planned increase in logging in the Sierra Nevada, according to a longtime agency expert who worked on the plan.",0
"The Austral-Asian Strike Fighter The Australian Defence Force must defend and project across an air-sea gap. This requires long range autonomous strike weaponry. The Joint Strike Fighter does not solve this issue and detrimentally places added pressure on Australia's limited force of aerial refuelling assets. The world's defence manufacturers are not creating strike platforms that solve Australian needs. For this reason, Australia needs to look to other nations with similar defence needs. In this case, Japan, South Korea and Taiwan all face defending an air-sea gap. Australia should enter a partnership with these nations to create a strike fighter that satisfies the strategic needs of defending an air-sea gap. The benefits of such a partnership will be many.",0
"""Chuck Close shares his best-kept secrets with @user on the eve of his new show, opening Thursday @user",1
"In a Down Market, Head Toward Value Funds There is little cause for celebration in the stock market these days, but investors in value-focused mutual funds have reason to feel a bit smug -- if only because they've lost less than the folks who stuck with growth.",0
Rahul Gandhi the kid is planning jail bharo with all his supporters on 19 Dec. Great. The judge will have less trouble arriving at verdict.,1
first Hasek now Modano want to come back...who's next Mario Lemieux for the 4th time!,1
"Play Boys: Google IPO a Go Anyway Even though Google's two founders gave an interview to Playboy magazine in the midst of its IPO filing, the SEC allowed the company's offering to go ahead. The boys filed the interview with the SEC and corrected mistakes in it.",0
August 5th is Work Like a Dog Day. Because sometimes you just have to do what you have to do. Jay-Z said it well: can't knock the hustle!...,1
Delightful Dell The company's results show that it's not grim all over tech world. Just all of it that isn't Dell.,0
@user @user Is Wednesday normally Cascades help day? I might want to make a trip at some point before January 21st.,1
"@user @user 1st uneasyness was when he got v defensive about the Charlie Hebdo stuff, even tho he had pals patiently explaining""",1
"""Christianity is nothing else but the imitation of God\u2019s nature.  We seek a relationship with God through Jesus ...\""""""""Lord that I may see\"""""""".""",1
Floyd Mayweather says he quit after Saturday's welterweight world title defense against underdog Andre Berto.,1
Chase Headley's RBI double in the 8th inning off David Price snapped a Yankees streak of 33 consecutive scoreless innings against Blue Jays,1
"RuntimeProperties... Reflection from System Properties \\Java developers often load system properties to customize the runtime behavior\of their applications.\\For example a develoepr could define a 'max_connections' system property to\define the maximum number of TCP connections that their application server can\support.  While nice, this prevents all other applications from using this\variable name.\\The first reaction to this would be to namespace your variable names.  Instead\of using max_connections you would now use\'my.application.Server.MAX_CONNECTIONS' as your property name.  This works of\course but now you have to load this property on startup.\\public static int MAX_CONNECTIONS = Integer.parseInt( System.getProperty(\""my.application.Se ...\\",0
"Pretty Log4J \\I've been a big fan of Log4J  for a while now but haven't migrated any code\over for one central reason.  The following line of code:\\    final static Logger logger = Logger.getLogger( ""some.name"" );\\... is amazingly ugly and difficult to work with.\\Most people use Log4J with a logger based on the classname:\\So we would probably see:\\    static Logger logger = Logger.getLogger( ""org.apache.commons.feedparser.locate.FeedLocator"" );\\Which is amazingly verbose.  A lot of developers shorten this to:\\    static Logger logger = Logger.getLogger( FeedLocator.class );\\But this still leaves us with cut and paste errors.\\What if we could just reduce it to:\\    static Logger logger = Logger.g ...\\",0
"Barrel of Monkeys, 2004 Edition: Notes on Philippine Elections Well, it's election time in the Republic of the Philippines, and that means the monkeys are rolling around in those political barrels, having as much fun as they can while laughing their heads off at the strange goings-on that characterize a democratic process loosely based on the American model  but that de facto looks more like a Fellini movie crossed with a Tom and Jerry cartoon - column includes a useful election-year glossary!",0
What's Cool In the Pool ... ... And Hot On the Deck Americans are spending more on tricking out the places where they swim. Here's a look at the new wave of accessories,0
"State grant to aid Lynn; Bank gives Salem \$10k Central Square in Lynn should be looking a bit brighter. New sidewalks, curbs, fences, lights, landscaping, and road improvements are planned for the Gateway Artisan Block, a key area of the square, with \$830,000 in state grant money given to Lynn last week.",0
"Wall St. Bears Claw Back Into the Black  NEW YORK (Reuters) - Short-sellers, Wall Street's dwindling  band of ultra-cynics, are seeing green again.",0
And to think I wrote this Dustin Johnson Tweet after the second round of the British Open,1
@user Brock lesnar live from madison square garden sounds like it could just be a live feed of him sat on a chair for 3 hours,1
"Experts Downplay Texas Shark Attacks (AP) AP - Three shark attacks off the Texas coast in the past two months are unusual but don't mean there are more sharks than normal along the beach or that they are getting bolder, marine biologists and other experts say.",0
AOL to Sell Cheap PCs to Minorities and Seniors (Reuters) Reuters - America Online on Thursday said it\plans to sell a low-priced PC targeting low-income and minority\households who agree to sign up for a year of dialup Internet\service.,0
"""Also may take years to figure out if the song reaching #1 or John Cena co-opting """"I Can't Feel My Face"""" as his signature tagline is stranger""",1
"Grant to aid Lynn Central Square Central Square in Lynn should be looking a bit brighter. New sidewalks, curbs, fences, lights, landscaping, and road improvements are planned for the Gateway Artisan Block, a key area of the square, with \$830,000 in state grant money given to Lynn last week.",0
HP: The Adaptive Enterprise that can't adapt &lt;strong&gt;Opinion&lt;/strong&gt; SAP hardly to blame,0
Charley's Force Took Experts by Surprise (AP) AP - Hurricane Charley's 145-mph force took forecasters by surprise and showed just how shaky a science it still is to predict a storm's intensity  #151; even with all the latest satellite and radar technology.,0
Japan nuclear firm shuts plants The company running the Japanese nuclear plant hit by a fatal accident is to close its reactors for safety checks.,0
"Kerry's Disgusting Ad \\A few days ago Kerry sent around this ad:\\""Yesterday, the Bush-Cheney campaign, losing any last sense of decency, placed\a disgusting ad called ""The Faces of John Kerry's Democratic Party"" as the\main feature on its website. Bizarrely, and without explanation, the ad places\Adolf Hitler among those faces.""\\""The Bush-Cheney campaign must pull this ad off of its website. The use of\Adolf Hitler by any campaign, politician or party is simply wrong.""\\Which of course is a mistake.  I went and downloaded the video (which is just\stupid btw.  Not a masterpiece by any means.) and there are shots of Hitler in\there, but only from the MoveOn contest from a few months back.\\Here's the problem.  The ...\\",0
I hope Milan mom say that she can come over on the 28th,1
"Japanese Lunar Probe Facing Delays (AP) AP - A lunar orbiter that Japan had planned to launch this year could face further delays, possibly until next year or later, because of a funding shortfall and problems developing the probe's information-gathering capabilities, Japan's space agency said Wednesday.",0
"Letters Target the abusers of legal weapons We can all share the outrage, expressed by columnist Steve Bailey (''Summer Sizzler, quot; Aug. 11), at the killings in the city's poor neighborhoods. But there's no need to share his ignorance. He argues for renewal of the so-called assault weapon ban, claiming that otherwise, ''UZIs and AK-47s could again be flooding the streets. quot; His ...",0
Support CEO Keith Bradshaw as he spends a night sleeping at Adelaide Oval on THURSDAY raising money for the homeless,1
"Website Lets Users Scout the Red Planet from Home (SPACE.com) SPACE.com - For those who want to explore Mars but cant wait for a spacecraft to take them there, NASA scientists have reformulated a website that lets the general public search data and images from previous missions.",0
National News - Oklahoma Wesleyan University Is Now the 2nd Christian College to Leave CCCU Over Hiring of Gay...,1
New Jeremy Kyle starts Monday\u002c you bitch I\u2019m back to school then!!,1
Sky : Melo and Perisic are set to debut in the Inter shirt against Milan in next Sunday's derby. Icardi is also probable.,1
Pacific May Be Seeing New El Nino (AP) AP - Warming water temperatures in the central equatorial Pacific last month may indicate the start of a new El Nino.,0
Ricky Ponting and I now have something in common. Today he passed 23\u002c000 1st class runs. Last night at training\u002c i was hit for 23\u002c000 runs.,1
"HP shares tumble on profit news Hewlett-Packard shares fall after disappointing third-quarter profits, while the firm warns the final quarter will also fall short of expectations.",0
MTSU takes a timeout. stops the play clock at :48. They are facing a 3rd down and 9. If they convert its over. If not there is a slim chance,1
Google IPO Auction Off to Rocky Start  WASHINGTON/NEW YORK (Reuters) - The auction for Google  Inc.'s highly anticipated initial public offering got off to a  rocky start on Friday after the Web search company sidestepped  a bullet from U.S. securities regulators.,0
Randy Orton is going to be in Lawton tomorrow,1
Mozilla Exceptions (mexception) \\For some reason I never released this code.\\I developed it while working on NewsMonster and just forgot I think\\It's an extension for Mozilla that allows you to see all runtime exceptions\(with full stack traces) that are unhandled by Mozilla. \\Just install it and if your code generates an unhandled exception it will show\up in the logs and on the console.\\Very handy for doing any hardcore Mozilla development.\\,0
Canadian Robot a Candidate to Save Hubble (AP) AP - NASA said Tuesday it is moving ahead with plans to send a robot to the rescue of the aging Hubble Space Telescope.,0
"""Tomorrow at work, when people talk to me, I'm just going to slap my crotch and twerk in response. See if I get the same reaction Nicki did.""",1
"DRM is doubleplus good for business, Congress advised The Budget Office and the case of the disappearing public interest",0
@user #MLBCentral David Wright crushing a dinger on his first swing since April 14th. I didn't think he would pull a Wilmer Flores!,1
Our paper needs to be turned into blackboard and Google by midnight on friday it needs to be less than 17 % on blackboard!!! #aumrsch,1
NFU unchanged for the 4th successive game tonight:  Nicklin\u002c Gardner\u002c Peat\u002c King\u002c Anderson\u002c Hunter\u002c Bolder\u002c Muldoon\u002c Bradshaw & Williams,1
Cherie Blair is sat on our coach going to the games! #Olympics2012,1
The Next Great Space Race: SpaceShipOne and Wild Fire to Go For the Gold (SPACE.com) SPACE.com - A piloted rocket ship race to claim a  #36;10 million Ansari X Prize purse for privately financed flight to the edge of space is heating up.,0
I still think they should have let Nicki continue what she was going to say rather then cut her off cuz it may hurt Miley's feelings,1
"@user And it's like 1/10th as insane as it was in Dark Souls. I was like """"oh, is that all?"""" lol""",1
Little blurry but this is the crowd I play for every Thursday at Plan B with Madison\u2019s hottest DJ\u002c Brook Bartels,1
"For Sale: The Ultimate Status Symbol With the country in need of cash and rich people dying to show off their wealth, Mr. Stein proposes a unique solution: having the government sell titles of nobility.",0
"Vietnam's Citadel Vulnerable to Weather (AP) AP - Experts from Europe and Asia surveyed 1,400-year-old relics of an ancient citadel in Hanoi Tuesday and said they were concerned the priceless antiquities were at risk from exposure to the elements.",0
"""Gonna do a movie marathon with my friend today and tomorrow. Twilight, New Moon, Eclipse, BD1, The Runaways, Adventureland, (c)""",1
@user I just wonder how peter is the 1st pope when the Romans crucified him 200 years before Christianity was legalized in Rome,1
"Chorus Frog Found Croaking in Virginia (AP) AP - The Southern chorus frog has been found in southeastern Virginia, far outside its previously known range. The animal had never before been reported north of Beaufort County, N.C., about 125 miles to the south.",0
Marine Expedition Finds New Species (AP) AP - Norwegian scientists who explored the deep waters of the Atlantic Ocean said Thursday their findings  #151; including what appear to be new species of fish and squid  #151; could be used to protect marine ecosystems worldwide.,0
European Download Services Go Mobile (Reuters) Reuters - The ability to download complete\tracks directly over cell-phone networks to mobile phones is\becoming a reality in Europe.,0
"""Be prepared to listen about Nicki and Miley tomorrow at school, or maybe Kanye""",1
Albion write off Nottingham loss: Plymouth Albion winger Jack Arnott says the club will 'write off' Saturday's 3...,1
During nap time I will: watch the end of Hart of Dixie\u002c set up Activity Corner for tomorrow\u002c & study more genetics stuff. #hotdiggitydog,1
Niall mentioned San Diego and that's all you really need to know.,1
"""This Wednesday, beat the cold front @user with a celebration of George Harrison + The Beatles with Here Comes The Sun! Doors 7:30.""",1
Sunspot Grows to 20 Times Size of Earth (SPACE.com) SPACE.com - A sunspot group aimed squarely \  at Earth has grown to 20 times the size of our planet and has the potential \  to unleash a major solar storm.,0
South Korea lowers interest rates South Korea's central bank cuts interest rates by a quarter percentage point to 3.5 in a bid to drive growth in the economy.,0
"Google IPO faces Playboy slip-up The bidding gets underway for Google's public offering, despite last-minute worries over an interview with its bosses in Playboy magazine.",0
"""Off to ER, for the Edinburgh Derby, c'mon the Hibs""",1
"@user May favorite one EVER on iOS is Harbaugh, it autocorrects to Garbage",1
"Iraq Halts Oil Exports from Main Southern Pipeline (Reuters) Reuters - Authorities have halted oil export\flows from the main pipeline in southern Iraq after\intelligence showed a rebel militia could strike\infrastructure, an oil official said on Saturday.",0
"""Rahul Gandhi held Indian citizenship from day one: Congress: New Delhi, Nov 18: Dismissing BJP leader Subraman...",1
"No Need for OPEC to Pump More-Iran Gov  TEHRAN (Reuters) - OPEC can do nothing to douse scorching  oil prices when markets are already oversupplied by 2.8 million  barrels per day (bpd) of crude, Iran's OPEC governor said  Saturday, warning that prices could fall sharply.",0
BEA grabs CA exec to head product group BEA Systems Inc. has hired the Computer Associates International Inc. executive responsible for CA's Unicenter line of enterprise management software to head BEA's product development group.,0
"Veteran inventor in market float Trevor Baylis, the veteran inventor famous for creating the Freeplay clockwork radio, is planning to float his company on the stock market.",0
"Cave Explorers Discover Pit in Croatia (AP) AP - Cave explorers discovered a pit inside a mountain range in central Croatia believed to have the world's deepest subterranean vertical drop, at nearly 1,700 feet, a scientific institute reported Monday.",0
"@user hun i am going to Dublin in march, if you do a tour, do not come to Italy (Milan) during the period from the 11th to the 20th pls""",1
@user around what time on Thursday does kissanime upload the new Naruto episode,1
"""Where's the sun mommy?"" ""It's asleep like you should be"" ""But Harper's a moon mommy""  Dammit kid.",1
BIG BANG CONCERT IS TOMORROW. OH MY LORD !! BOO HOO HOOOO )\u2019: *Cries all the 7 seas*,1
"Canadian Team Joins Rocket Launch Contest (AP) AP - The  #36;10 million competition to send a private manned rocket into space started looking more like a race Thursday, when a Canadian team announced plans to launch its rocket three days after an American group intends to begin qualifying for the Ansari X prize.",0
"Scientists Probe Pacific for Dead Zone (AP) AP - His hand on a toggle switch and his eyes on a computer screen, Oregon State University graduate student Anthony Kirincich uses an array of scientific instruments to probe the vibrant waters of the Pacific. He is searching for the absence of life.",0
Favourite this tweet if you want Seth Rollins to wins or retweet if you want john cena to win tomorrow nigh on summerslam.  Follow for cena.,1
@user I'm literally struggling as we speak--I'm traveling in March and I listen to soooo much KPop that it's past time!,1
"""Timezones outside of Canada seem to confuse me, but I'm cheering for Tonga in tomorrow's #RWC opener.  At least, I think it's tomorrow.""",1
"Saudis: Bin Laden associate surrenders \\""(CNN) -- A longtime associate of al Qaeda leader Osama bin Laden surrendered to\Saudi Arabian officials Tuesday, a Saudi Interior Ministry official said.""\\""But it is unclear what role, if any, Khaled al-Harbi may have had in any terror\attacks because no public charges have been filed against him.""\\""The Saudi government -- in a statement released by its embassy in Washington --\called al-Harbi's surrender ""the latest direct result"" of its limited, one-month\offer of leniency to terror suspects.""\\This is great!  I hope this really starts to pay off.  Creative solutions to\terrorism that don't involve violence.  \\How refreshing! \\Are you paying attention Bush administration?\\",0
"Bangkok's Canals Losing to Urban Sprawl (AP) AP - Along the banks of the canal, women in rowboats grill fish and sell fresh bananas. Families eat on floating pavilions, rocked gently by waves from passing boats.",0
"Google auction begins on Friday An auction of shares in Google, the web search engine which could be floated for as much as \$36bn, takes place on Friday.",0
Indeed\u002c on the 2nd\u002c peals of thunder were heard\u002c the wind blew from the east\u002c and hail rattled against the facade of Granite House like vol,1
"""Fiorentina have reportedly opened talks with Chelsea over taking the 20yr old Kurt Zuoma on loan in January.""",1
"Somewhere between gleam and gloom President Bush has been saying that the US economy has ''turned the corner. quot; Democratic presidential candidate Senator John F. Kerry, in the wake of this month's poor jobs report, quipped that it was more like a U-turn.",0
"""The mantra from Republicans to Democrats today is, 'if you don't like our plan, then where is your plan\""""The mantra from Republicans t...""",1
"Eurozone economy keeps growing Official figures show the 12-nation eurozone economy continues to grow, but there are warnings it may slow down later in the year.",0
"T. Rex Had Teen Growth Spurt, Scientists Say (Reuters) Reuters - Tyrannosaurus Rex grew incredibly fast\during a teenaged growth spurt that saw the dinosaur expand its\bulk by six times, but the fearsome beasts ""lived fast and died\young,"" researchers said on Wednesday.",0
"Study Says Birds Feed Other Birds' Young (AP) AP - It's a lesson many little humans could learn from baby birds: Sometimes, being nice to other youngsters pays off. Brown-headed cowbirds, like several other bird species, leave their eggs in the nests of other birds, who then feed and raise the cowbird chicks.",0
"US trade deficit swells in June The US trade deficit has exploded 19 to a record \$55.8bn as oil costs drove imports higher, according to a latest figures.",0
Hacker Cracks Apple's Streaming Technology (AP) AP - The Norwegian hacker famed for developing DVD encryption-cracking software has apparently struck again  #151; this time breaking the locks on Apple Computer Inc.'s wireless music streaming technology.,0
September 8: [More] Justin spotted out and about in New York...,1
Naruto is the 10th Nakama and would be the last Strawhat Crew. Just my opinion. Sorry.,1
Oscars Well makes his debut over fences at Punchestown tomorrow. It looks as though he\u2019ll have Plan A and Darwins Fox to overcome.,1
"Best Asian Tourism Destinations The new APMF survey of the best Asian tourism destinations has just kicked off, but it's crowded at the top, with Chiang Mai in Thailand just leading from perennial favourites Hong Kong, Bangkok and Phuket in Thailand, and Bali in  Indonesia. Be one of the first to vote and let us know your reasons.",0
"India Rethinks Plan to Send Man to Moon (AP) AP - India is rethinking its plan to send a man to the moon by 2015, as the mission would cost a lot of money and yield very little in return, the national space agency said Thursday.",0
@user big ups SL!!! Copped the 10.5 Gucci's missed out Friday!!!,1
Red-Footed Falcon Sighted in Mass. (AP) AP - A red-footed falcon spotted for the first time in North America is enticing birdwatchers to Martha's Vineyard.,0
@user  6 tickets for Sam smith concert  Sept 30 cheap! Flew our family of 6 here fir the concert! BEYOND UPSET!,1
'Invisible' technology for Olympics Getting the technology in place for Athens 2004 is an Olympic task in itself.,0
"Companies Approve New High-Capacity Disc Format (Reuters) Reuters - A group of consumer electronics\makers said on Wednesday they approved the format for a new\generation of discs that can store five times the data of DVDs\at the same cost -- enough to put a full season of ""The\Sopranos"" on one disc.",0
@user just sent you a request off the app. I'll get my PS4 on the 15th,1
@user Which Sunday is Women's Day?? and you get your shirt yet,1
"""Did you know? In 1984, President Reagan made July National Ice Cream Month &amp; established National Ice Cream Day the 3rd Sunday in the month!""",1
@user fell asleep during Magic Mike XXL.....guess we are just gonna have to rewatch it tomorrow.....daaaarn,1
#INFO --> Grand opening sharetea bubble tea with @user 2 nov 2012 mall taman anggrek 11:00 - 14:00 * Jadwal ke-1 besok !,1
"Making Your Insurer Pay If Hurricane Charley blows your house down, how can you make your insurance company pay?",0
@user tbh this game is bunk...I just wanna watch Monday's game with Messi,1
"Switching Titles, if Not Gears, at Dell Kevin B. Rollins, the new chief executive of Dell, talks about Dell's transitory slip in customer service, and why he sees a broader technology recovery taking place.",0
"'Madden,' 'ESPN' Football Score in Different Ways (Reuters) Reuters - Was absenteeism a little high\on Tuesday among the guys at the office? EA Sports would like\to think it was because ""Madden NFL 2005"" came out that day,\and some fans of the football simulation are rabid enough to\take a sick day to play it.",0
Can you believe that The Salvation Army in Goshen is already working on Pancake Day (November 16) and Christmas...,1
"U.S. Barred From Weakening Dolphin Rules (AP) AP - In a victory for environmentalists, a federal judge ruled Tuesday that the Bush administration cannot change the standards commercial fisheries must meet before the tuna they catch can carry the ""dolphin-safe"" label.",0
Microsoft takes down SP2 sharers Microsoft is stopping people getting hold of a key security update via net-based file- sharing systems.,0
Any1 interested in @user tickets 4 the NIA on the 8th of nov? BLOCK B ROW 13 face value. Inbox me,1
"Cassini Spacecraft Sees Saturn Lightning (AP) AP - The Cassini spacecraft's mission to Saturn has revealed a new radiation belt around the ringed planet and found that lightning in its atmosphere is occurring in different patterns than it did when NASA's Voyagers flew by in the early 1980s, scientists said.",0
"""The B-52s Rock the L.A. County Fair With Berlin Featuring Terri Nun, Pomona Fairplex, Fri, Sep 7 @ 7:30pm, 50% OFF,",1
My Blog as a Time Machine \\I'm starting to realize that my blog is a bit of a time machine.  For example I\can create a blog entry to warn myself about something that WILL happen in the\future.  \\My current NTP  blog entry is a good example.  I wrote this for myself as\much as for the people who read my blog (or find me via Google).\\I know for sure that NTP on Debian is going to bite me sometime in the future\and I'm going to forget WHY.  Then I'm going to (of course) go to Google or my\aggregator and search for NTP and then find my blog post.  \\I've done this about a dozen times now and its saved me a TON of time!\\,0
"Wash. State Team's Private Rocket Explodes (AP) AP - A team taking a low-budget stab at the  #36;10 million Ansari X Prize for private manned spaceflight suffered a setback Sunday, when their rocket malfunctioned and exploded after shooting less than 1,000 feet in the air.",0
"I started #TheAmericans on Friday courtesy my vacationing cat-owning neighbors with Amazon Prime. Oops. Uh, I'm not paying Amazon myself.",1
"""Seth Rollins just out there stealing all of Finn Balor's moves. What's next, a Bloody Sunday?""",1
Seth Rollins talks &amp; talks every Monday on RAW for about 45 minutes,1
"Al Qaeda member surrenders \\""RIYADH, Saudi Arabia (CNN) -- One of Saudi Arabia's most wanted militants has\turned himself into the authorities, the first senior suspect to surrender under\a one-month government amnesty announced last week.""\\""Othman Al-Omari, number 19 on Saudi Arabia's most wanted list of 26, accepted\King Fahd's offer of amnesty, which was made last week, according to Saudi\sources Monday.""\\""Al-Omari, who turned himself in on Sunday night, was a business partner of\Shaban Al Shihri -- the first al Qaeda member to accept the offer when he turned\himself in Friday.""\\When I first saw this I was really upset.  I thought that it would certainly\lead to more violence if they just let terrorists off the ...\\",0
"China Begins Manned Space Flight Countdown (AP) AP - Chinese astronauts are in the final stages of preparing for a manned space mission that will orbit the globe 14 times before returning to Earth, a state-run newspaper reported Thursday.",0
The Kee to Bala just got Drizzy: Intimate concert in one of greatest venues with rapper @user this Saturday pm in #Muskoka's @user,1
"Carlyle Looks Toward Commercial Aerospace (Reuters) Reuters - Private investment firm Carlyle Group,\which has a reputation for making well-timed and occasionally\controversial plays in the defense industry, has quietly placed\its bets on another part of the market.",0
I don\u2019t doubt the 2nd coming will be in Jerusalem AND Missouri\u002c but when is it due?,1
Biased Against Whom? Liberal bias versus right-wing conspiracy is a wonderful distraction. There is evidence enough on both sides. How can opposite claims be true? Confront a physicist with evidence supporting contradictory hypotheses and she will go looking for a more basic cause. Let's try that.,0
"""Report about Sunanda's death inconclusive: Police: New Delhi, Oct 10 : Delhi Police said Friday the forensic e...",1
"Fark Sells Out. France Surrenders Blogs are the hottest thing on the Net, but are they messing with traditional publishing principles? One of the most popular, Fark.com, is allegedly selling links. Is it the wave of the future? By Daniel Terdiman.",0
Mansbridge destroyed Justin tonite the polls for the lib's should tank tomorrow! Wake up people he is NOT ready!!,1
Next sunday I'm going to CiTY Nightclub just to hear @user play.,1
@user @user I thought it may have been about John Cena,1
I think this was the first night of Louis with Briana? (That's not her tho) I saved it on April 17 but I DK,1
"Fed minutes show dissent over inflation (USATODAY.com) USATODAY.com - Retail sales bounced back a bit in July, and new claims for jobless benefits fell last week, the government said Thursday, indicating the economy is improving from a midsummer slump.",0
What Tomato and onion had done to BJP in Delhi\u002c LPG may do the same to Cong in the forthcoming elections...,1
"""Going up St Andrews tomorrow to caddy Paul Dunne, he needs some advice from a pro""",1
"Comets, Asteroids and Planets around a Nearby Star (SPACE.com) SPACE.com - A nearby star thought to harbor comets and asteroids now appears to be home to planets, too. The presumed worlds are smaller than Jupiter and could be as tiny as Pluto, new observations suggest.",0
"Researchers seek to untangle the e-mail thread E-mail is a victim of its own success. That's the conclusion of IBM Corp. researchers in Cambridge, who have spent nearly a decade conducting field tests at IBM and other companies about how employees work and use electronic mail. It's clear to them that e-mail has become the Internet's killer application.",0
"Wall St. Bears Claw Back Into the Black (Reuters) Reuters - Short-sellers, Wall Street's dwindling\band of ultra-cynics, are seeing green again.",0
Simultaneous Tropical Storms a Rarity (AP) AP - The prospect that a tropical storm and a hurricane  #151; or possibly two hurricanes  #151; could strike Florida on the same day is something meteorologists say they have never seen.,0
"UK Scientists Allowed to Clone Human Embryos (Reuters) Reuters - British scientists said on Wednesday\they had received permission to clone human embryos for medical\research, in what they believe to be the first such license to\be granted in Europe.",0
Has anyone ever seen @user and Iron Maiden's Bruce Dickinson together in the same room?,1
"@user I smirked, I promise not to tease you about it tomorrow lol. Same, lots of Bad Blood though.""",1
"""Arsenal youngster, Chuba Akpom and Liverpool rising star, Jordon Ibe may snub the Super Eagles following their invitations to England's U21s""",1
I\u2019m going to Roger Sanchez at Factory in Toronto\u002c Canada - Dec 7,1
What is Jamie Foxx doing sitting next to Niall like you could've sat in a better spot just saying lol,1
"LinuxWorld, IDs, and Privacy \\Today Jonathan Moore  and I headed over to LinuxWorld after lunch to see what\kind of cool hardware and Linux hacks they had on the expo floor.\\Only \$15 to get in the door so I figure why not.\\I'm a bit of a privacy freak.  When you're trading some security for liberty\there are situations where it *might* be worth it.  In situations of extreme\violence having the police by your side might be a good idea.  \\I think we can all agree that trading liberty for *nothing* isn't worth it.\This country was *founded* on liberty after the British were abusing their\colonial powers.  Every true American should cherish their liberty and think\long and hard about just turning them over for no reason.\ ...\\",0
@user So this is the 4th person on this show that i have seen in commercials. Felisha is the Sprint girl with David Beckham.,1
"Americans and Freedom \\""When we Americans first began, our biggest danger was clearly in view: we knew\from the bitter experience with King George III that the most serious threat to\democracy is usually the accumulation of too much power in the hands of an\Executive, whether he be a King or a president. Our ingrained American distrust\of concentrated power has very little to do with the character or persona of the\individual who wields that power. It is the power itself that must be\constrained, checked, dispersed and carefully balanced, in order to ensure the\survival of freedom. In addition, our founders taught us that public fear is the\most dangerous enemy of democracy because under the right circumstances it ...\\",0
"What's in a Name? Well, Matt Is Sexier Than Paul (Reuters) Reuters - As Shakespeare said, a rose by any other\name would smell as sweet. Right?",0
"""last day of august, waiting for frank ocean to pull a beyonce.",1
"Java3D - Half Right \\SUN has announced that Java3D will be released in a different manner than any\other SUN project in existence.\\""We announce the availability of the source code for the Java 3D API on\java.net.  We are involving developers in the evolution of the Java 3D API.\Come join the Java 3D projects on java.net, and download the source code for\the core Java 3D API, vecmath, the Java 3D core utilities, and the Java 3D\program examples.""\\The key thing here is that they have provided the core utils under a BSD license\and even have the CVS available .\\Good job SUN!  You're headed in the right direction!\\Here's the only problem:\\""We are releasing the source code for the j3d-core and vecmath projects u ...\\",0
Paid Search Growth May Slow A new Internet advertising forecast shows a slowdown in paid search listings in the next five years. Will the projection affect Google's prospects when it goes public?,0
What time does Shawn's concert on the 15th start at,1
"IT alligator tales I grew up in New York, where giant alligators -- sometimes more ornately described as albino alligators -- were rumored to roam the citys sewer systems. According to legend, vacationers picked up the tiny crocodilians in Florida, brought them home to New York, and eventually flushed the little buggers when they grew too big for the local concrete jungle.",0
Why would you not want to spend all Sunday at a Youth Soccer turnament? Mequon cup Baby. (4100 W Highland Road 128N),1
"Downhome Pinoy Blues, Intersecting Life Paths, and Heartbreak Songs The Blues is alive and well in the Philippines, as evidenced by this appreciation of the Pinoy Blues band 'Lampano Alley', penned by columnist Clarence Henderson as a counterpoint to his usual economics, business, and culture fare.",0
"IT Myth 5: Most IT projects fail Do most IT projects fail? Some point to the number of giant consultancies such as IBM Global Services, Capgemini, and Sapient, who feed off bad experiences encountered by enterprises. Sapient is a company founded on the realization that IT projects are not successful, says Sapient CTO Ben Gaucherin.",0
@user @user @user I get it. You're like the caster version of Chuck Norris. You're just waiting for @user Championship Sunday,1
"NASA Chief: 'Let's Go Save the Hubble' (SPACE.com) SPACE.com - Amid uncertainty over the fate of the Hubble Space Telescope and with a key instrument not working, NASA Administrator Sean O'Keefe gave the go-ahead Monday for planning a robotic servicing mission.",0
"The Real Time Modern Manila Blues: Bill Monroe Meets Muddy Waters in the Orient Globalization does strange things to people. A day in the life of a Manila Philippines based business consultant - proving that you really CAN talk about Muddy Walters, bluegrass and work all on the same page...",0
"Deep-Sea Vessel Puts Ocean Floor in Reach (AP) AP - A new deep-sea research vessel will be able to carry people to 99 percent of the ocean floor, diving deeper than the famed Alvin that pioneered the study of seafloor vents, plate tectonics and deep ocean creatures over the past 40 years.",0
Don\u2019t forget Mitch Daniels is going to be on Steven Colbert\u2019s show Thursday.  Think this will come up as a topic?,1
just sat in on Bruno Mars interviews,1
@user I keep 2 cells. 2nd one is the lovely Katbonn K9. Available for under 1.5k. Value for money. Feels like old Nokia. Solid battery.,1
"Indictments Using DNA on Rise Nationally (AP) AP - Authorities once had no choice but to drop rape cases if they weren't able to catch a suspect before the statute of limitations expired. But prosecutors across the country increasingly are buying themselves time, keeping cold cases alive by indicting unidentified rapists using their DNA profiles.",0
"Technology company sues five ex-employees  A Marlborough-based technology company is suing five former employees, including three senior managers, for allegedly conspiring against their employer while working on opening a competing business.",0
Hubble Trouble: One of Four Instruments Stops Working (SPACE.com) SPACE.com - One of the four astronomical instruments on the Hubble Space Telescope shut down earlier this week and engineers are trying to pin down the problem. The other three instruments continue to operate normally.,0
Caitlyn Jenner opens up about fatal car crash: Jenner's interview with Lauer on Wednesday &amp; Thursday.,1
"Honestly, lack of 3rd party support should have been expected. its not the company's fault for not siding with Nintendo",1
Mauritanian Capital Battles Locust Swarm (AP) AP - Residents burned tires and trash in the streets Thursday trying to drive off swarms of locusts descending on the region in what a U.N. agency called the worst sub-Saharan invasion in more than a decade.,0
Gucci host yourself thought february go ahead the set of two your minute sympathy procurement into diplomat support,1
"Space Science Pioneer Van Allen Questions Human Spaceflight (SPACE.com) SPACE.com - A leading space scientist has called to question the validity of human spaceflight, suggesting that sending astronauts outward from Earth is outdated, too costly, and the science returned is trivial.",0
"Annual Study Finds Rise in Beach Closures (AP) AP - The number of days that beaches closed or posted warnings because of pollution rose sharply in 2003 due to more rainfall, increased monitoring and tougher standards, an environmental group said on Thursday.",0
Explore the Many Colors of Stars (SPACE.com) SPACE.com - One of the pleasures of \  stargazing is noticing and enjoying the various colors that stars display in \  dark skies. These hues offer direct visual evidence of how stellar temperatures \  vary.,0
"Company Said to Be Ready to Clone Pets (AP) AP - A company that unveiled the world's first cloned cat nearly three years ago now says it is ready to start filling orders for cloned pets, a newspaper reported Thursday.",0
"Autodesk tackles project collaboration Autodesk  this week unwrapped an updated version of its hosted project collaboration service targeted at the construction and manufacturing industries. Autodesk Buzzsaw lets multiple, dispersed project participants -- including building owners, developers, architects, construction teams, and facility managers -- share and manage data throughout the life of a project, according to Autodesk officials.",0
@user how was your day today? Did you enjoy watching softball. We missed you on tiger woods,1
Dolphins Too Have Born Socialites (Reuters) Reuters - Some people are born to be the life and\soul of the party -- and so it seems are some dolphins.,0
"A New Legal Chapter for a 90's Flameout A lawsuit against Gary Winnick, the former chief of Global Crossing, refocuses attention on what Mr. Winnick knew about his company's finances as it imploded.",0
"A bargain hunter's paradise Massachusetts bargain hunters showed up in droves and shopped hard on yesterday's sales tax holiday, buying everything from treadmills and snow blowers to candles and chandeliers, and crediting the 5-percent tax break with bringing them into the stores.",0
"@user You really want to go there? He had a gr8 Milan team from 03 to 06. He finished 1st, 2nd and 2nd to a team that was relegated 4..""",1
The Hitchhiker's Guide to the Galaxy Game - 30th Anniversary Edition Need to sign up with the BBC online.,1
"Britons embrace digital lifestyle People in the UK are spending more time and money going digital, says communications watchdog Ofcom.",0
@user @user @user @user :If she's like Michelle Obama that may not be true?,1
"""ANKARA, Dec 28 (Reuters) - Turkey sees no normalisation in ties with Israel unless its conditions for ending the Gaza blockade and""",1
Oil and Economy Cloud Stocks' Outlook  NEW YORK (Reuters) - Soaring crude prices plus worries  about the economy and the outlook for earnings are expected to  hang over the stock market next week during the depth of the  summer doldrums.,0
More Big Boobs in Playboy An interview with Google's co-founders due out in the current issue of Playboy may delay the company's IPO. Securities regulations restrict what executives can say while preparing to sell stock for the first time.,0
Apple CEO apologizes for error-ridden new map app: Apple CEO Tim Cook apologized Friday for the co... #coreformulas,1
"What are the best cities for business in Asia? One of our new categories in the APMF Sense of Place survey is for best Asian business city. After a couple of days, Singapore leads the pack, followed by Bangkok, Thailand and Hong Kong. Enter your vote and comments and make your views count. More new categories include best city for livability, and best tourism destinations.",0
"Earth is Rare, New Study Suggests (SPACE.com) SPACE.com - Flip a coin. Heads, Earth is a common sort of planet. Tails, and ours is as unusual as a coin landing on edge. That's about the state of knowledge for scientists who ponder the question of our planet's rarity.",0
Gonna go to the north game tomorrow night. I better see some of you north kiddos,1
"Safety Net (Forbes.com) Forbes.com - After earning a PH.D. in Sociology, Danny Bazil Riley started to work as the general manager at a commercial real estate firm at an annual base salary of  #36;70,000. Soon after, a financial planner stopped by his desk to drop off brochures about insurance benefits available through his employer. But, at 32, ""buying insurance was the furthest thing from my mind,"" says Riley.",0
"Ben Lederman may well end up being the first American to play for Barca but, for the time being, it sounds like he's heading to Florida.",1
2 days till Jack White at Alley Pally then I find out the Ruskies need me to work on Saturday. What\u2019s is it like to have a personal life?,1
still not over how Nicki snapped like a 12th grader on their last day of high school,1
Gucci pants himself store january lay open the span thine atomic irruptive concomitant so that cons comburent:...,1
"""Coldplay, One Republic, Maroon 5, Sam Smith, Ed Sheeran, Oasis, Owl City, Simple Plan, The Fray, Muse, Snow Patrol, Empire of the Sun..""",1
"Rand falls on shock SA rate cut Interest rates are trimmed to 7.5 by the South African central bank,  but the lack of warning hits the rand and surprises markets.",0
Who's going to get them Gucci foams tomorrow,1
Why does everyone want to give Eli Manning credit for every win. The truth is Sunday\u2019s game should have been a blowout.,1
"Apple to open second Japanese retail store this month (MacCentral) MacCentral - Apple Computer Inc. will open its second Japanese retail store later this month in the western Japanese city of Osaka, it said Thursday.",0
"Money Funds Fell in Latest Week (AP) AP - Assets of the nation's retail money market mutual funds fell by  #36;1.17 billion in the latest week to  #36;849.98 trillion, the Investment Company Institute said Thursday.",0
"Non-OPEC Nations Should Up Output-Purnomo  JAKARTA (Reuters) - Non-OPEC oil exporters should consider  increasing output to cool record crude prices, OPEC President  Purnomo Yusgiantoro said on Sunday.",0
"Car prices down across the board The cost of buying both new and second hand cars fell sharply over the past five years, a new survey has found.",0
"""Nolan Arenado, Kris Bryant, Manny Machado and Miguel Sano are gonna won the 3rd base spot for the next 5-10 seasons""",1
Prairie Dog Won't Be on Endangered List (AP) AP - The black-tailed prairie dog has been dropped from a list of candidates for the federal endangered species list because scientists have concluded the rodents are no longer threatened.,0
@user Well said on HMW. Can you now address why Texans fans file out of the stadium midway through the 4th qtr of every game?,1
"Weak Version of Most Powerful Explosions Found (SPACE.com) SPACE.com - Gamma-ray bursts are the most powerful events in the universe, temporary outshining several galaxies and likely signaling the birth of a black hole.",0
@user Mate\u002c how are you lads enjoying Andy Carroll over there? Can we have him back in January? We\u2019re a bit desperate!,1
We should have listened to Zayn about the 21st of August,1
"""Ben Smith / Smith (concussion) remains out of the lineup Thursday, Curtis #NHL #SJ""",1
&lt;em&gt;El Reg&lt;/em&gt; pledges to name BSA antipiracy weasel &lt;strong&gt;Competition&lt;/strong&gt; Get those suggestions in,0
"Building Dedicated to Columbia Astronauts (AP) AP - A former dormitory converted to classrooms at the Pensacola Naval Air Station was dedicated Friday to two Columbia astronauts who were among the seven who died in the shuttle disaster Feb. 1, 2003.",0
"Rescuers Free Beached Whale in Brazil (AP) AP - Rescuers succeeded in freeing a minke whale that washed up on a beach in southeastern Brazil, the fire department said Thursday.",0
Jackson back in camp Monday @user you ready to see the Eagles lift up that trophy!,1
"Ants Form Supercolony Spanning 60 Miles (AP) AP - Normally clannish and agressive Argentine ants have become so laid back since arriving in Australia decades ago that they no longer fight neighboring nests and have formed a supercolony here that spans 60 miles, scientists say.",0
Pics of the March Fourth Marching Band at the Oregon Country Fair closing out the show Sunday night. Their...,1
"U.K.'s NHS taps Gartner to help plan \$9B IT overhaul LONDON -- The U.K.'s National Health Service (NHS) has tapped IT researcher Gartner Inc. to provide market intelligence services as the health organization forges ahead with a mammoth, 5 billion (\$9.2 billion) project to upgrade its information technology infrastructure.",0
iPhone 6s Launch: More Details Leak Ahead of Apple's September 9 Event: iPhone 6s launch on Wednesday is just ...,1
"""Shows how much you can trust drivers answering these questions. Alonso was still saying on Monday that Ferrari split is """"""""just a rumor."""""""" #F1""",1
"""J'regarde des infos sur Ragnarok (le film) &amp;bon: """"Thor will make it out of the third movie[..]Loki, on the other hand may not be so Lucky.""""""",1
"""Uncover the Eternal City! Return flights to Rome travel on the 21st January, for 3 nights Augustea, 3 star Hotel...",1
The Age of Doom In 1993 six geeks had a digital nightmare that changed the culture. It's about to get far creepier,0
Whoever replies 1st with the correct answer wins 4 tickets for Sesame Street Live\u002c Sat 10:30am performance at Rupp\u002c and an Elmo plush doll.,1
"Rescuing an Old Saver If you think you may need to help your elderly relatives with their finances, don't be shy about having the money talk -- soon.",0
Delhi police says report about Sunanda Pushkar's death inconclusive: Delhi Police said Friday the forensic evi...,1
"Sarah Palin tore into ESPN on Thursday night, calling the network ""whimpering"" and ""intolerant"" for suspending baseball analyst Curt",1
"Not All Jobs Belong To The White Man: Asian Minorities, Affirmative Action, And The Quest For Parity At Work Although a smattering of Chinese, Filipinos, Japanese, Indians, Thais, and others may crow about seeing their kind sitting in prominent positions in corporations and organizations in the USA, these accomplishments become mere cultural high-fives and ritualistic chest-thumping goaded and impishly patronized by 'mainstream society' - the milder and gentler term for the white-dominated populace.",0
Anyone want to see Sam smith with me on October 6th?,1
Saudi phone sector gets \$1bn lift A group led by the UAE's Etisalat plans to spend \$1bn (544m) on expansion after winning two mobile phone licences in Saudi Arabia.,0
"""MTA agent to me: \""""This card has been damanged since yesterday morning.\"""" Me: \""""But I used it last night.\"""" MTA: \""""No you didn't.\""""""",1
"""Bryan sophomore Mykenzi Greenler gets by a Redskins defender Wednesday in Port Clinton. The Golden Bears, the No....",1
Stoking the Steamroller No other recording artist can channel American middle-class tastes quite like Chip Davis and his best-selling band,0
"Oracle Sales Data Seen Being Released (Reuters) Reuters - Oracle Corp. sales documents\detailing highly confidential information, such as which\companies receive discounts on Oracle's business software\products and the size of the discounts, are likely to be made\public, a federal judge said on Friday.",0
Sorry bout the stream last night I crashed out but will be on tonight for sure. Then back to Minecraft in pc tomorrow night.,1
"Britain Grants Human Cloning License (AP) AP - Britain granted its first license for human cloning Wednesday, joining South Korea on the leading edge of stem cell research, which is restricted by the Bush administration and which many scientists believe may lead to new treatments for a range of diseases.",0
"""Go Set a Watchman comes out tomorrow! Do you plan to read it?   I have to reread TKAM first, but then I definitely...",1
Expansion slows in Japan Economic growth in Japan slows down as the country experiences a drop in domestic and corporate spending.,0
"Nevada Ponders Superfund Status for Mine (AP) AP - Pressured by a ranking senator from Nevada and the Environmental Protection Agency, Gov. Kenny Guinn says he might reconsider his opposition to a federal Superfund cleanup declaration for a huge abandoned mine contaminated with toxic waste and uranium.",0
Satellite boosts Olympic security An enhanced satellite location system aims to help Olympic security guards react more quickly to emergencies.,0
"Mozilla To Add Support For XForms, World Yawns It's ironic that Microsoft could help further cement its dominance in the browser market by joining its largest rival in an effort to support web standards.  nbsp;At the same time, that act would go a long way towards improving the web in general for developers and users alike.",0
"Life on Mars Likely, Scientist Claims (SPACE.com) SPACE.com - DENVER, COLORADO -- Those twin robots hard at work on Mars have transmitted teasing views that reinforce the prospect that microbial life may exist on the red planet.",0
'Frank Ocean' appeared on Sunday 16 at the 11th place in the Top20 of Dallas-Ft. Worth's Trends: #trndnl,1
Just said hello to Dennis Kucinich as he walked casually through campus with his #hotwife. He's on 22nd st!,1
Van Halen and LL Cool J talk about Michael Jackson (LMJ May 3rd 2013) via @user,1
"Microsoft Corp. 2.0: a kinder corporate culture Even a genius can mess up. Bill Gates was a brilliant technologist when he cofounded Microsoft , but as he guided it to greatness in both size and historical consequence, he blundered. He terrorized underlings with his temper and parceled out praise like Scrooge gave to charity. Only the lash inspired the necessary aggressiveness to beat the competition, he thought.",0
"""Real Madrid will have the first option to buy Tottenham winger Gareth Bale, if Spurs sell the Welsh international. (Sunday Mirror)""",1
"@user But i guess the PS4 may have it too. We have a ''media player'', and we can transfer songs to Share Factory using a USB drive.""",1
continued : Emmanuel Adebayor has not travelled with the squad for our Europa League away tie in Greece tomorrow evening.,1
"Junk faxes to be legalized as  quot;opt-out? quot; The Register ran a story on August 6th called 'Phone spam misery looms stateside.' It seems that there's legislative nastiness underway in Washington, DC to essentially gut the existing junk fax law, and replace it with a marketer's wet dream.",0
"The Visual World of Michel Gondry A month ago I was introduced to the works of Michel Gondry.  In short, I was amazed and tantalized by his short films and music videos.  Even if you haven't heard of him, you've probably seen his many works in Gap commercials, various music videos, and the recent movie Eternal Sunshine of the Spotless Mind.    Many of his works explode with visual elements that, when taken alone, are simple and mundane.  However, under his masterful guidance, these elements come together to form a highly mesmerizing visual experience.  He never ceases to push visual technologies and challenge our ideas about the visual medium.",0
"""Frank Gifford, dies at 84 - The Washington Post. I worked with Frank way back at Wide World of Sports. Class Act. RIP",1
Just Turned the corner into Ghetto n #Roma 1st thing I saw a group of Muslims! Now that's tourism for ya. It's a sm world after all #peace,1
#days #dool Tuesday Hope has to pick up Ciara. Rafe wants a real case not just publicity like Justin,1
Ted Nugent talks to us about #hunting and other stuff he\u2019s got on his mind @user this Saturday at 7am on the Great Outdoors\u002c #nuge,1
"Chrysler's Bling King After a tough year, Detroit's troubled carmaker is back -- thanks to a maverick designer and a car that is dazzling the hip-hop crowd",0
"Oldsmobile: The final parking lot Why General Motors dropped the Oldsmobile. The four brand  paradoxes GM had to face - the name, the product, image re-positioning, and the consumer - all added up to a brand that had little hope of rebranding.",0
2nd half about to start. No subs for the Red Stars to begin the half. WNY kicking off. 45 to go....,1
Watchdog rules over broadband  The UK's ad watchdog rules over which net connections can be described as full speed broadband.,0
Aquarium Reviews Death of Dolphin (AP) AP - The chief scientist at the National Aquarium in Baltimore has launched a review of the dolphin breeding program after the death of a 4-month-old dolphin.,0
"Oil prices soar to all-time record, posing new menace to US economy (AFP) AFP - Tearaway world oil prices, toppling records and straining wallets, present a new economic menace barely three months before the US presidential elections.",0
"Shell 'could be target for Total' Oil giant Shell could be bracing itself for a takeover attempt, possibly from French rival Total, a  press report claims.",0
"I saw this during the 1st season of Game of Thrones, so it's not technically their 1st kiss #bb17",1
"A Personal Operator From Verizon Verizon plans to offer a service that would act as a virtual switchboard operator, letting customers stay in touch at all times. The program would send phone calls, voicemails and e-mails wherever customers designate. By Elisa Batista.",0
"Ron Regan Jr is My Kinda Guy \\""Now that the country is awash in Reagan nostalgia, some observers are predicting\that you will enter politics. Would you like to be president of the United\States?""\\""I would be unelectable. I'm an atheist. As we all know, that is something\people won't accept.""\\""What would you do if Senator Kerry asked you to be his vice president?""\\""I would question his sanity.""\\""Do you ever go to church?""\\""No. I visit my wife's sangha.""\\""So you sometimes practice Buddhism?""\\""I don't claim anything. But my sympathies would be in that direction. I admire\the fact that the central core of Buddhist teaching involves mindfulness and\loving kindness and compassion.""\\So lets get this straight.  He's an a ...\\",0
"""http://t.co/JJVDi4lW Wednesday's Featured Property of the Day is Knollwood Place Apartments, in...",1
GameBoy mini-games win prize A set of GameBoy micro-games is named as the most innovative game of the year at a festival in Scotland.,0
"New Method May Predict Quakes Weeks Ahead (AP) AP - Swedish geologists may have found a way to predict earthquakes weeks before they happen by monitoring the amount of metals like zinc and copper in subsoil water near earthquake sites, scientists said Wednesday.",0
Imagine if this was clashing with tomorrow's Celebrity Big Brother launch though. I'd be so torn.,1
Indians fill rail skills shortage Network Rail flies in specialist Indian engineers to work on the West Coast Mainline because of a UK skills shortage.,0
Oil and Economy Cloud Stocks' Outlook (Reuters) Reuters - Soaring crude prices plus worries\about the economy and the outlook for earnings are expected to\hang over the stock market next week during the depth of the\summer doldrums.,0
Hip Hop's Online Shop Celebrity fashion is booming. These webpreneurs are bringing it to main street,0
"Russian Alien Spaceship Claims Raise Eyebrows, Skepticism (SPACE.com) SPACE.com - An expedition of Russian researchers claims to have found evidence that an \  alien spaceship had something to do with a huge explosion over Siberia in 1908. \  Experts in asteroids and comets have long said the massive blast was caused \  by a space rock.",0
"Studies Find Rats Can Get Hooked on Drugs (AP) AP - Rats can become drug addicts. That's important to know, scientists say, and has taken a long time to prove. Now two studies by French and British researchers show the animals exhibit the same compulsive drive for cocaine as people do once they're truly hooked.",0
"Science, Politics Collide in Election Year (AP) AP - With more than 4,000 scientists, including 48 Nobel Prize winners, having signed a statement opposing the Bush administration's use of scientific advice, this election year is seeing a new development in the uneasy relationship between science and politics.",0
"""White: UFC not going to Dallas in December, Rousey's next fight in Vegas via @user",1
"@user Last Wednesday, when I saw you dressed as Robin, all I can think about is ""Who's Batman? Where's the Teen Titans?""",1
@user June:) Isn't that the one with the outfits from Styled To Rock?,1
"Stocks End Up, But Near Year Lows (Reuters) Reuters - Stocks ended slightly higher on Friday\but stayed near lows for the year as oil prices surged past  #36;46\a barrel, offsetting a positive outlook from computer maker\Dell Inc. (DELL.O)",0
Caitlyn Jenner May Face Manslaughter Chargesk!!! the whole story:,1
"Why Windows isn't Unix \\""I first heard about this from one of the developers of the hit game SimCity, who\told me that there was a critical bug in his application: it used memory right\after freeing it, a major no-no that happened to work OK on DOS but would not\work under Windows where memory that is freed is likely to be snatched up by\another running application right away. The testers on the Windows team were\going through various popular applications, testing them to make sure they\worked OK, but SimCity kept crashing. They reported this to the Windows\developers, who disassembled SimCity, stepped through it in a debugger, found\the bug, and added special code that checked if SimCity was running, and if it\did ...\\",0
Just caught the end of TFI Friday. Chris Evans is like the Harold Zidler of Wetherspoons.,1
"""You can't shit talk Kpop. Every group is so in sync and vocally on point. It may not be your thing, but it's talent.""",1
Wtf?.. They got caught in the act! #LiesPeopleAlwaysTell That Pole National Margarita Day Ash Wednesday,1
Thank You IBM! \\I just wanted to say thanks to IBM for Open Sourcing  Cloudscape .\\You guys really have your act together.  Keep up the good work!\\,0
"Open Source Apps Developer SugarCRM Releases Sugar.Sales 1.1 (TechWeb) TechWeb - News - August 13, 2004",0
#Fantasy Recommendation by @user :Jackie #Bradley Jr. While the Red Sox season may b... #Alarm,1
3D holograms to crack forgeries A 3D hologram technique could transform how experts spot forged signatures and other handwritten documents.,0
"Google IPO: Type in 'confusing,' 'secrecy' I've submitted my bid to buy shares of Google Inc. in the computer search company's giant auction-style initial public offering. That could turn out to be the good news or the bad news.",0
"Appeal Rejected in Trout Restoration Plan (AP) AP - The U.S. Forest Service on Wednesday rejected environmentalists' appeal of a plan to poison a stream south of Lake Tahoe to aid what wildlife officials call ""the rarest trout in America.""",0
Long-awaited Doom 3 hits the UK Doom 3 goes on sale in the UK at a time of renewed concerns over violence in video games.,0
Dutch Firm Beats Apple to Punch A music retailer from the Netherlands beats Apple by launching a download service in Europe's latest market battleground. Also: Movie industry wrests agreement from defunct company.... Microsoft challenges Photoshop   hellip;. and more.,0
Rousey to fight former boxer - Mixed martial arts star Ronda Rousey said Friday she will face female boxer Holly H...,1
"Viewer's Guide: Perseid Meteor Shower Peaks Aug. 11-12 (SPACE.com) SPACE.com - Every August, when many \  people are vacationing in the country where skies are dark, the best-known meteor \  shower makes its appearance. The annual Perseid meteor shower, as it is called, \  promised to put on an above average display this year.",0
@user SCOTUS based their argument on the 14th. No matter how you stretch it race was not involved.,1
n VOW is likely to return from a midsummer break in the Prix de Royallieu at Longchamp on Saturday.: Trainer Wil...,1
"""Nymburk shouldn't start any more games without floor spacers on the wing position. Need Simmons out there. Raivio 6th man, just fine..""",1
A Delhi court said on Tuesday Congress president Sonia Gandhi and Rahul Gandhi will have to appear before it on...,1
Pray for a better day tomorrow. Maybe we will wake up and #Obama and #Extremist Muslims will be gone! #CCOT #TCOT,1
A future Big Brother might be able to see you in the dark ..,1
tomorrow gonna be hell yall. though\u002c i am going to the golden modes in chapel hill!,1
"Saudi Arabia to open up oil taps Saudi Arabia says it is ready to push an extra 1.3 million barrels a day of oil into the market, to help reverse surging prices.",0
NTP in Debian \\The Network Time Daemon (NTP  Daemon) implementation within Debian leaves a\lot to be desired.\\First off they don't include it with a working config.  You have to create your\own /etc/ntpd.conf.  To make matters worse the configuration doesn't accept DNS\names so you have to manually enter IPs.  Fun.  I can understand that they might\not want to provide ONE configuration and overwhelm one or two NTP servers but\they can provide a dynamic config that balances load among all available\servers.  There is of course the public serves list  but you have to Google\for it.\\All you really need to do here is enter a list of servers:\\server time.nist.gov\\server 192.43.244.18\,0
"Poachers Putting Endangered Rhinos at Risk (AP) AP - Gangs of poachers in Congo have been slaughtering the world's minuscule population of northern white rhinos, reducing the population by about one-half in just more than a year, a key conservation organization said Friday.",0
"@user Donald trump said the same thing about the tax rate.  Fact check said he was a liar ""pant of fire""",1
Ashlee Vance: the readers have spoken &lt;strong&gt;Poll results&lt;/strong&gt; Bright news for resident &lt;em&gt;Reg&lt;/em&gt; ladyboy,0
"Southeast Coast Sees Fewer Turtle Nests (AP) AP - About half the usual number of loggerhead turtles have nested between North Carolina and Florida this season, and scientists have no explanation for the drop.",0
"""Charlie Rose with Desmond Tutu; Bill Joy (October 5, 1999): The Archbishop of Cape Town, South Africa and Nobel ...",1
I am gonna Meryl Streep the fuck out of this tomorrow,1
#np The Way You Make Me Feel - 2012 Remaster by Michael Jackson from the album Bad 25th Anniversary.,1
@user Frank ocean releasing his second album december 31st 2015 on new years eve. heres the interview...,1
"@user @user yes, download avaiable 30 aug, but after can't play. waiting 1 sep . you read this in PS4  after finish download. good luck""",1
"Gene Blocker Turns Monkeys Into Workaholics - Study (Reuters) Reuters - Procrastinating monkeys were turned\into workaholics using a gene treatment to block a key brain\compound, U.S. researchers reported on Wednesday.",0
@user in Europe country comes 1st b4 club. Incase in missed it Welbeck is on 7goals in all competition.,1
"NASA's Genesis Spacecraft Adjusts Course (AP) AP - NASA's Genesis spacecraft successfully adjusted its course this week as it heads back toward Earth with a sample of solar wind particles, the space agency said Wednesday.",0
"Natural Sunblock: Sun Dims in Strange Ways (SPACE.com) SPACE.com - When Venus crossed the Sun June 8, showing up as a clear black dot to the delight of millions of skywatchers around the world, astronomers noted something less obvious: The amount of sunlight reaching Earth dipped by 0.1 percent for a few hours.",0
watching the VMAs tomorrow just so I can watch Nicki call Miley out on her dumb shit,1
Missing June Deals Slow to Return for Software Cos. (Reuters) Reuters - The mystery of what went wrong for the\software industry in late June when sales stalled at more than\20 brand-name companies is not even close to being solved\although the third quarter is nearly halfway over.,0
"""Church tonight, who will you bring????""",1
Sold Out OSU NIKE WEEK ZERO v6 amp Available. Men's Size 10 for $230. Local pickup in the Buckeye City. Available before Monday's Game.,1
On Monday im going to eat so much you might as well call me Jordan and Ally. Im so fucking hungry.,1
HP to Buy Synstar Hewlett-Packard will pay \$297 million for the British company. Also: TiVo goes all out to attract customers   hellip;. Sprint offers service guarantees for business wireless subscribers   hellip;. and more.,0
Steady as they go BEDFORD -- Scientists at NitroMed Inc. hope their experimental drugs will cure heart disease someday. But lately their focus has been on more mundane matters.,0
"""TFI Friday doesn't look like it's coming back, as Chris Evans focuses on new-look Top Gear",1
My heart hurts I really need to shawn when he goes on my bday to Texas in October I hope I find tickets some how:(,1
New NASA Supercomputer to Aid Theorists and Shuttle Engineers (SPACE.com) SPACE.com - NASA researchers have teamed up with a pair of Silicon Valley firms to build \  a supercomputer that ranks alongside the world's largest Linux-based systems.,0
Maybe now you guys understand why I changed my name from Save Hannibal Sam to Hannibal Killed Sam on Thursday night #HannibalMicDrop,1
MSNBC: The NFL season kicks off Thursday night and Tom Brady is set to be on the field:,1
For the ones tomorrow sunday in Milan (Italy): Aperitif and evening at Fiat Open Lounge:,1
.@IAA_Bahrain Look at the media coverage of #Bahrain regime's arrest of Nabeel Rajab 1 Oct 2014 #100Tweets4Nabeel,1
"What would Baby Jesus Think? \\""On Tuesday, Cheney, serving in his role as president of the Senate, appeared in\the chamber for a photo session. A chance meeting with Sen. Patrick J. Leahy\(Vt.), the ranking Democrat on the Judiciary Committee, became an argument about\Cheney's ties to Halliburton Co., an international energy services corporation,\and President Bush's judicial nominees. The exchange ended when Cheney offered\some crass advice.\\'Fuck yourself,' said the man who is a heartbeat from the presidency.""\\Wonder what the moral majority has to say about this?\\It isn't profanity!  Its a freedom praise!\\",0
Wireless net to get speed boost Wireless computer networks could soon be running 10 times faster than they do now.,0
@user who Yakub was Innocent?? Good bhai.. May be you must vr judge..,1
Anybody not taking the PSAT want to go to Original House of Pancakes tomorrow morning?,1
"""Sumlin says he put Kyler Murray in for Kyle Allen during 1st half as a """"change of pace quarterback."""" That pace: Fast. Murray has some wheels""",1
"Insecurity: (Or Why Americans Aren't Feeling The Recovery) The New Republic's website is currently carrying an interesting piece which tries to explain the anomaly that although the US economy is growing, a lot of its citizens are still feeling worse off. The article explains the results of a 40 year panel study which has shown that although mean incomes have increased, income variability has increased massively, causing many Americans to feel less well off, despite the growing economy.      ",0
Get the launch schedules for Celebrity Big Brother: #CBB,1
"Microsoft, IE and Bloat \\Zawodny  threads off of Scoble  on the IE issue:\\""I have to say, when I first read that I nearly fell off my chair laughing. I was\thinking ""how stupid ARE these IE guys?!?!?!"" But we all know that Microsoft is\full of smart people who care about what they're doing. So something really\doesn't compute here.""\\""Last time I checked, IE wasn't even close to feature parity with Mozilla's\browsers. No popup blocking, no tabbed browsing, etc.""\\""Does the IE team really not know what their product is missing?""\\Perhaps.  It's highly likely that they just don't know.\\The bigger issue here is that Microsoft products can't fail and they can't\succeed.  Microsoft has 40-50 billion in the bank.  There ...\\",0
Universities to Build Largest Telescope (AP) AP - The University of Texas and Texas A amp;M University are planning to construct what they call the world's largest telescope with the help of a Houston businessman's  #36;1.25 million gift.,0
#RAW Aaaaaand Randy Orton becomes the 3rd person ever to pin Rusev. Whoever's booking Rusev should step down or resign.,1
@user @user CENA & AJ sitting in a tree K-I-S-S-I-N-G 1st goes AJ's  job then John's cred then goes Vicki with the GM position.,1
"""Entered the Cape Argus Pick n Pay Cycle Tour happening on Sun, 10 Mar 2013! 12th time, going for that elusive 3h30 with @user",1
Perseid Meteor Shower Peaks Overnight (SPACE.com) SPACE.com - A fine display of shooting stars is underway and peaks overnight Wednesday into early Thursday morning. Astronomers expect the 2004 Perseid meteor shower to be one of the best versions of the annual event in several years.,0
"Chad seeks refugee aid from IMF Chad asks the IMF for a loan to pay for looking after more than 100,000 refugees from conflict-torn Darfur in western Sudan.",0
LEAVING ON SUNDAY... But I still have a Jason Aldean ticket for $30!!! Let me know if ya want it,1
Dollar Falls Broadly on Record Trade Gap  NEW YORK (Reuters) - The dollar tumbled broadly on Friday  after data showing a record U.S. trade deficit in June cast  fresh doubts on the economy's recovery and its ability to draw  foreign capital to fund the growing gap.,0
Buffy the Censor Slayer &lt;strong&gt;Letters&lt;/strong&gt; Readers drive stake through parents' group,0
"Customers of Telco Companies Face Privacy Breach A security advisory posted on Bugtraq demonstrates how hackers can compromise customers of T-mobile wireless and Verizon (landline) voicemail boxes. The advisory talks about the use of Caller-ID spoofing the customers number, allowing a bypass of the PIN code since the voicemail thinks that the customer is calling to check their own voicemail. According to Secure Science Corporation, there has been no response from the vendors. Comments have been posted that T-Mobile has optional PIN code protection off by default. Better turn it on. ",0
Pollutants From Asia Appear on East Coast (AP) AP - Scientists looking into air quality and climate change have found pollutants from as far as Asia over New England and the Atlantic.,0
"The Great K5 Limerick Contest Queue submissions being scarce, I suggest we all submit limericks for consideration.  Mod up your favorites.    I'm no poet, so I'll submit a favorite of my childhood:    There was a young woman named Bright,  Who traveled much faster than light    She set out one day  In a relative way    And returned on the previous night.    I'm afraid I don't remember the author.",0
Did I just see what I think I did on @user Real Madrid signed a 7th old? #wow,1
Sun's Looking Glass Provides 3D View (PC World) PC World - Developers get early code for new operating system 'skin' still being crafted.,0
"@user Work colleague of mine on Thursday night: """"oh, look, they're showing the Bee Gees on video."""" 23-yr old colleague: """"who?""""""",1
"Invasive Purple Weed May Meet Its Match (AP) AP - They burned it, mowed it, sprayed it and flooded it. But nothing killed the purple loosestrife weed, which has become a regional plague, until officials at the Parker River National Wildlife Refuge set a European beetle loose on it.",0
"The New Customers Are In Town Today's customers are increasingly demanding, in Asia as elsewhere in the world.  Henry Astorga describes the complex reality faced by today's marketers, which includes much higher expectations than we have been used to.  Today's customers want performance, and they want it now! ",0
High point. Ice Cube's son was the mvp of this movie. Whoever played Eazy should get 6th man of the year. Whoever casted Snoop shoot them.,1
Monday night RAW opens up with Paul Heyman and Brock Lesnar in the ring and Paul calling for a rematch.  Live...,1
Check out Newsha Tavakolian at the Saatchi Gallery in London. Her photos of Iran may interest some of you!,1
Ryan Braun returned to the lineup on Wednesday after missing two games with lower back tightness.,1
"""#Ichiro has nothing. If you want to see hustle: Kenny Lofton, 17 October 1995, scores from second base on a past ball. #GoTribe #ALDS""",1
Kids Rule for Back-to-School The purchasing power of kids is a big part of why the back-to-school season has become such a huge marketing phenomenon.,0
"Redesigning Rockets: NASA Space Propulsion Finds a New Home (SPACE.com) SPACE.com - While the exploration of the Moon and other planets in our solar system is nbsp;exciting, the first task for astronauts and robots alike is to actually nbsp;get to those destinations.",0
"Googled the snake I stepped over on the trail Sunday. Baby timber rattler. So time to Google ""snake-proof hiking boots.""",1
"Group to Propose New High-Speed Wireless Format (Reuters) Reuters - A group of technology companies\including Texas Instruments Inc. (TXN.N), STMicroelectronics\(STM.PA) and Broadcom Corp. (BRCM.O), on Thursday said they\will propose a new wireless networking standard up to 10 times\the speed of the current generation.",0
"PlayStation potential to learning The PlayStation games console could be developed into a learning tool for children, says a Northumberland head teacher.",0
"Expedition to Probe Gulf of Mexico (AP) AP - Scientists will use advanced technology never before deployed beneath the sea as they try to discover new creatures, behaviors and phenomena in a 10-day expedition to the Gulf of Mexico's deepest reaches.",0
"""If you\u2019re calling this little thing right here a \""""""""party\"""""""" then Friday night\u2019s gonna be Project X\u002c Y\u002c & Z.""",1
"Mission Accomplished! \\""BAGHDAD, Iraq (CNN) -- Members of Iraq's interim government took an oath of\office Monday just hours after the United States returned the nation's\sovereignty, two days ahead of schedule.""\\""Led by Iraq's interim Prime Minister Ayad Allawi, each member of the new\government placed a hand on the Koran and promised to serve with sincerity and\impartiality. Iraqi flags lined the wall behind them.""\\Iraq!  Now with 100 less Coalition Provisional Authority!  Act now and get a\free Weapon of Mass Destruction (offer only available in Syria, Jordan, Saudi\Arabia, Pakistan, Syria and Iran).\\Also check out our new Puppet Government!  Keeps the kids occupied for hours!\\",0
@user yea I was just thinking that! Btw Reece is going to be in Kyle and Jackie O tomorrow I think.... In the studio,1
@user we just confirmed Nipsey Hussle Dec. 29th @user Hall tix on sale Friday!,1
I'm going to orientation naked tomorrow,1
"@user is it just me or does \""""""""Danny\"""""""" seem a lot like Billy Crystal in the first 1/3rd of When Harry Met Sally?""",1
"Reverse Psychology \\I really hope SUN doesn't Open Source Java at JavaOne this year.  It would be a\terrible decision and seriously hurt the tech industry.  Also, it would hurt SUN\and I'm sure their responsible enough to realize this.\\(Lets hope that works!)\\",0
Q2 10:30. Philip Rivers pass to Eddie Royal to the San Diego 19 for 7 yards. 3rd & 1.,1
Who wants to be my date to the White Sox vs Red Sox game Tuesday,1
"Growth, Mortality of T. Rex Gets Clearer (AP) AP - Here's a dinosaur finding that parents can appreciate: The teenage Tyrannosaurus rex typically went through an explosive growth spurt, gaining nearly 5 pounds a day.",0
